Workbook

Sheet WBS
A1: 開発マイルストーン WBS
A2: 予定バー / 実績バー / カミナリ戦（基準日）を一画面で確認できます。入力セルは淡い黄色です。
R4: 46296 | S4: 46297 | T4: 46298 | U4: 46299 | V4: 46300 | W4: 46301 | X4: 46302 | Y4: 46303 | Z4: 46304 | AA4: 46305 | AB4: 46306 | AC4: 46307 | AD4: 46308 | AE4: 46309 | AF4: 46310 | AG4: 46311 | AH4: 46312 | AI4: 46313 | AJ4: 46314 | AK4: 46315 | AL4: 46316 | AM4: 46317 | AN4: 46318 | AO4: 46319 | AP4: 46320 | AQ4: 46321 | AR4: 46322 | AS4: 46323 | AT4: 46324 | AU4: 46325 | AV4: 46326 | AW4: 46327 | AX4: 46328 | AY4: 46329 | AZ4: 46330 | BA4: 46331 | BB4: 46332 | BC4: 46333 | BD4: 46334 | BE4: 46335 | BF4: 46336 | BG4: 46337 | BH4: 46338 | BI4: 46339 | BJ4: 46340 | BK4: 46341 | BL4: 46342 | BM4: 46343 | BN4: 46344 | BO4: 46345 | BP4: 46346 | BQ4: 46347 | BR4: 46348 | BS4: 46349 | BT4: 46350 | BU4: 46351 | BV4: 46352 | BW4: 46353 | BX4: 46354 | BY4: 46355 | BZ4: 46356 | CA4: 46357 | CB4: 46358 | CC4: 46359 | CD4: 46360 | CE4: 46361 | CF4: 46362 | CG4: 46363 | CH4: 46364 | CI4: 46365 | CJ4: 46366 | CK4: 46367 | CL4: 46368 | CM4: 46369 | CN4: 46370 | CO4: 46371 | CP4: 46372 | CQ4: 46373 | CR4: 46374 | CS4: 46375 | CT4: 46376 | CU4: 46377 | CV4: 46378 | CW4: 46379 | CX4: 46380 | CY4: 46381 | CZ4: 46382 | DA4: 46383 | DB4: 46384 | DC4: 46385 | DD4: 46386 | DE4: 46387 | DF4: 46388 | DG4: 46389 | DH4: 46390 | DI4: 46391 | DJ4: 46392 | DK4: 46393 | DL4: 46394 | DM4: 46395 | DN4: 46396 | DO4: 46397 | DP4: 46398 | DQ4: 46399 | DR4: 46400 | DS4: 46401 | DT4: 46402 | DU4: 46403 | DV4: 46404 | DW4: 46405 | DX4: 46406 | DY4: 46407 | DZ4: 46408 | EA4: 46409 | EB4: 46410 | EC4: 46411 | ED4: 46412 | EE4: 46413 | EF4: 46414 | EG4: 46415
A5: ID | B5: 階層 | C5: タスク名 | D5: 担当 | E5: 種別 | F5: 予定開始 | G5: 予定日数 | H5: 予定終了 | I5: 実績開始 | J5: 実績終了 | K5: 進捗率 | L5: 先行ID | M5: 開始遅れ | N5: 終了遅れ | O5: 工数 | P5: 備考 | Q5: 状態 | R5: 46296 | S5: 46297 | T5: 46298 | U5: 46299 | V5: 46300 | W5: 46301 | X5: 46302 | Y5: 46303 | Z5: 46304 | AA5: 46305 | AB5: 46306 | AC5: 46307 | AD5: 46308 | AE5: 46309 | AF5: 46310 | AG5: 46311 | AH5: 46312 | AI5: 46313 | AJ5: 46314 | AK5: 46315 | AL5: 46316 | AM5: 46317 | AN5: 46318 | AO5: 46319 | AP5: 46320 | AQ5: 46321 | AR5: 46322 | AS5: 46323 | AT5: 46324 | AU5: 46325 | AV5: 46326 | AW5: 46327 | AX5: 46328 | AY5: 46329 | AZ5: 46330 | BA5: 46331 | BB5: 46332 | BC5: 46333 | BD5: 46334 | BE5: 46335 | BF5: 46336 | BG5: 46337 | BH5: 46338 | BI5: 46339 | BJ5: 46340 | BK5: 46341 | BL5: 46342 | BM5: 46343 | BN5: 46344 | BO5: 46345 | BP5: 46346 | BQ5: 46347 | BR5: 46348 | BS5: 46349 | BT5: 46350 | BU5: 46351 | BV5: 46352 | BW5: 46353 | BX5: 46354 | BY5: 46355 | BZ5: 46356 | CA5: 46357 | CB5: 46358 | CC5: 46359 | CD5: 46360 | CE5: 46361 | CF5: 46362 | CG5: 46363 | CH5: 46364 | CI5: 46365 | CJ5: 46366 | CK5: 46367 | CL5: 46368 | CM5: 46369 | CN5: 46370 | CO5: 46371 | CP5: 46372 | CQ5: 46373 | CR5: 46374 | CS5: 46375 | CT5: 46376 | CU5: 46377 | CV5: 46378 | CW5: 46379 | CX5: 46380 | CY5: 46381 | CZ5: 46382 | DA5: 46383 | DB5: 46384 | DC5: 46385 | DD5: 46386 | DE5: 46387 | DF5: 46388 | DG5: 46389 | DH5: 46390 | DI5: 46391 | DJ5: 46392 | DK5: 46393 | DL5: 46394 | DM5: 46395 | DN5: 46396 | DO5: 46397 | DP5: 46398 | DQ5: 46399 | DR5: 46400 | DS5: 46401 | DT5: 46402 | DU5: 46403 | DV5: 46404 | DW5: 46405 | DX5: 46406 | DY5: 46407 | DZ5: 46408 | EA5: 46409 | EB5: 46410 | EC5: 46411 | ED5: 46412 | EE5: 46413 | EF5: 46414 | EG5: 46415
A6: 1 | B6: 0 | C6: 要件定義 | D6: PM | E6: フェーズ | F6: 46296 | G6: 10 | H6: =IF(OR(F6="",G6=""),"",WORKDAY.INTL(F6,G6-1,1,休日!$A$4:$A$200)) -> 0 | K6: 0 | M6: =IF(OR(F6="",I6=""),"",NETWORKDAYS.INTL(F6,I6-1,1,休日!$A$4:$A$200)-1) -> 0 | N6: =IF(OR(H6="",J6=""),"",NETWORKDAYS.INTL(H6,J6-1,1,休日!$A$4:$A$200)-1) -> 0 | O6: 1 | P6: 成果物を確認 | Q6: =IF(C6="","",IF(E6="マイルストーン","MILESTONE",IF(K6>=1,"完了",IF(I6<>"","進行中","未着手")))) -> 0
A7: 1.1 | B7: 1 | C7: キックオフ | D7: PM | E7: タスク | F7: 46296 | G7: 1 | H7: =IF(OR(F7="",G7=""),"",WORKDAY.INTL(F7,G7-1,1,休日!$A$4:$A$200)) -> 0 | K7: 0 | M7: =IF(OR(F7="",I7=""),"",NETWORKDAYS.INTL(F7,I7-1,1,休日!$A$4:$A$200)-1) -> 0 | N7: =IF(OR(H7="",J7=""),"",NETWORKDAYS.INTL(H7,J7-1,1,休日!$A$4:$A$200)-1) -> 0 | O7: 1 | Q7: =IF(C7="","",IF(E7="マイルストーン","MILESTONE",IF(K7>=1,"完了",IF(I7<>"","進行中","未着手")))) -> 0
A8: 1.2 | B8: 1 | C8: 要件ヒアリング | D8: PL | E8: タスク | F8: 46297 | G8: 5 | H8: =IF(OR(F8="",G8=""),"",WORKDAY.INTL(F8,G8-1,1,休日!$A$4:$A$200)) -> 0 | K8: 0 | L8: 1.1 | M8: =IF(OR(F8="",I8=""),"",NETWORKDAYS.INTL(F8,I8-1,1,休日!$A$4:$A$200)-1) -> 0 | N8: =IF(OR(H8="",J8=""),"",NETWORKDAYS.INTL(H8,J8-1,1,休日!$A$4:$A$200)-1) -> 0 | O8: 1 | Q8: =IF(C8="","",IF(E8="マイルストーン","MILESTONE",IF(K8>=1,"完了",IF(I8<>"","進行中","未着手")))) -> 0
A9: 1.3 | B9: 1 | C9: 要件定義書レビュー | D9: PM | E9: マイルストーン | F9: 46303 | G9: 1 | H9: =IF(OR(F9="",G9=""),"",WORKDAY.INTL(F9,G9-1,1,休日!$A$4:$A$200)) -> 0 | K9: 0 | L9: 1.2 | M9: =IF(OR(F9="",I9=""),"",NETWORKDAYS.INTL(F9,I9-1,1,休日!$A$4:$A$200)-1) -> 0 | N9: =IF(OR(H9="",J9=""),"",NETWORKDAYS.INTL(H9,J9-1,1,休日!$A$4:$A$200)-1) -> 0 | O9: 1 | P9: レビュー完了 | Q9: =IF(C9="","",IF(E9="マイルストーン","MILESTONE",IF(K9>=1,"完了",IF(I9<>"","進行中","未着手")))) -> 0
A10: 2 | B10: 0 | C10: 設計・開発 | D10: PL | E10: フェーズ | F10: 46306 | G10: 30 | H10: =IF(OR(F10="",G10=""),"",WORKDAY.INTL(F10,G10-1,1,休日!$A$4:$A$200)) -> 0 | K10: 0 | L10: 1.3 | M10: =IF(OR(F10="",I10=""),"",NETWORKDAYS.INTL(F10,I10-1,1,休日!$A$4:$A$200)-1) -> 0 | N10: =IF(OR(H10="",J10=""),"",NETWORKDAYS.INTL(H10,J10-1,1,休日!$A$4:$A$200)-1) -> 0 | O10: 1 | Q10: =IF(C10="","",IF(E10="マイルストーン","MILESTONE",IF(K10>=1,"完了",IF(I10<>"","進行中","未着手")))) -> 0
A11: 2.1 | B11: 1 | C11: 基本設計 | D11: 設計 | E11: タスク | F11: 46306 | G11: 8 | H11: =IF(OR(F11="",G11=""),"",WORKDAY.INTL(F11,G11-1,1,休日!$A$4:$A$200)) -> 0 | K11: 0 | L11: 1.3 | M11: =IF(OR(F11="",I11=""),"",NETWORKDAYS.INTL(F11,I11-1,1,休日!$A$4:$A$200)-1) -> 0 | N11: =IF(OR(H11="",J11=""),"",NETWORKDAYS.INTL(H11,J11-1,1,休日!$A$4:$A$200)-1) -> 0 | O11: 1 | Q11: =IF(C11="","",IF(E11="マイルストーン","MILESTONE",IF(K11>=1,"完了",IF(I11<>"","進行中","未着手")))) -> 0
A12: 2.2 | B12: 1 | C12: 実装 | D12: 開発 | E12: タスク | F12: 46314 | G12: 15 | H12: =IF(OR(F12="",G12=""),"",WORKDAY.INTL(F12,G12-1,1,休日!$A$4:$A$200)) -> 0 | K12: 0 | L12: 2.1 | M12: =IF(OR(F12="",I12=""),"",NETWORKDAYS.INTL(F12,I12-1,1,休日!$A$4:$A$200)-1) -> 0 | N12: =IF(OR(H12="",J12=""),"",NETWORKDAYS.INTL(H12,J12-1,1,休日!$A$4:$A$200)-1) -> 0 | O12: 2 | Q12: =IF(C12="","",IF(E12="マイルストーン","MILESTONE",IF(K12>=1,"完了",IF(I12<>"","進行中","未着手")))) -> 0
A13: 2.3 | B13: 1 | C13: リリース判定 | D13: PM | E13: マイルストーン | F13: 46335 | G13: 1 | H13: =IF(OR(F13="",G13=""),"",WORKDAY.INTL(F13,G13-1,1,休日!$A$4:$A$200)) -> 0 | K13: 0 | L13: 2.2 | M13: =IF(OR(F13="",I13=""),"",NETWORKDAYS.INTL(F13,I13-1,1,休日!$A$4:$A$200)-1) -> 0 | N13: =IF(OR(H13="",J13=""),"",NETWORKDAYS.INTL(H13,J13-1,1,休日!$A$4:$A$200)-1) -> 0 | O13: 1 | P13: Go / No-Go | Q13: =IF(C13="","",IF(E13="マイルストーン","MILESTONE",IF(K13>=1,"完了",IF(I13<>"","進行中","未着手")))) -> 0
H14: =IF(OR(F14="",G14=""),"",WORKDAY.INTL(F14,G14-1,1,休日!$A$4:$A$200)) -> 0 | M14: =IF(OR(F14="",I14=""),"",NETWORKDAYS.INTL(F14,I14-1,1,休日!$A$4:$A$200)-1) -> 0 | N14: =IF(OR(H14="",J14=""),"",NETWORKDAYS.INTL(H14,J14-1,1,休日!$A$4:$A$200)-1) -> 0 | Q14: =IF(C14="","",IF(E14="マイルストーン","MILESTONE",IF(K14>=1,"完了",IF(I14<>"","進行中","未着手")))) -> 0
H15: =IF(OR(F15="",G15=""),"",WORKDAY.INTL(F15,G15-1,1,休日!$A$4:$A$200)) -> 0 | M15: =IF(OR(F15="",I15=""),"",NETWORKDAYS.INTL(F15,I15-1,1,休日!$A$4:$A$200)-1) -> 0 | N15: =IF(OR(H15="",J15=""),"",NETWORKDAYS.INTL(H15,J15-1,1,休日!$A$4:$A$200)-1) -> 0 | Q15: =IF(C15="","",IF(E15="マイルストーン","MILESTONE",IF(K15>=1,"完了",IF(I15<>"","進行中","未着手")))) -> 0
H16: =IF(OR(F16="",G16=""),"",WORKDAY.INTL(F16,G16-1,1,休日!$A$4:$A$200)) -> 0 | M16: =IF(OR(F16="",I16=""),"",NETWORKDAYS.INTL(F16,I16-1,1,休日!$A$4:$A$200)-1) -> 0 | N16: =IF(OR(H16="",J16=""),"",NETWORKDAYS.INTL(H16,J16-1,1,休日!$A$4:$A$200)-1) -> 0 | Q16: =IF(C16="","",IF(E16="マイルストーン","MILESTONE",IF(K16>=1,"完了",IF(I16<>"","進行中","未着手")))) -> 0
H17: =IF(OR(F17="",G17=""),"",WORKDAY.INTL(F17,G17-1,1,休日!$A$4:$A$200)) -> 0 | M17: =IF(OR(F17="",I17=""),"",NETWORKDAYS.INTL(F17,I17-1,1,休日!$A$4:$A$200)-1) -> 0 | N17: =IF(OR(H17="",J17=""),"",NETWORKDAYS.INTL(H17,J17-1,1,休日!$A$4:$A$200)-1) -> 0 | Q17: =IF(C17="","",IF(E17="マイルストーン","MILESTONE",IF(K17>=1,"完了",IF(I17<>"","進行中","未着手")))) -> 0
H18: =IF(OR(F18="",G18=""),"",WORKDAY.INTL(F18,G18-1,1,休日!$A$4:$A$200)) -> 0 | M18: =IF(OR(F18="",I18=""),"",NETWORKDAYS.INTL(F18,I18-1,1,休日!$A$4:$A$200)-1) -> 0 | N18: =IF(OR(H18="",J18=""),"",NETWORKDAYS.INTL(H18,J18-1,1,休日!$A$4:$A$200)-1) -> 0 | Q18: =IF(C18="","",IF(E18="マイルストーン","MILESTONE",IF(K18>=1,"完了",IF(I18<>"","進行中","未着手")))) -> 0
H19: =IF(OR(F19="",G19=""),"",WORKDAY.INTL(F19,G19-1,1,休日!$A$4:$A$200)) -> 0 | M19: =IF(OR(F19="",I19=""),"",NETWORKDAYS.INTL(F19,I19-1,1,休日!$A$4:$A$200)-1) -> 0 | N19: =IF(OR(H19="",J19=""),"",NETWORKDAYS.INTL(H19,J19-1,1,休日!$A$4:$A$200)-1) -> 0 | Q19: =IF(C19="","",IF(E19="マイルストーン","MILESTONE",IF(K19>=1,"完了",IF(I19<>"","進行中","未着手")))) -> 0
H20: =IF(OR(F20="",G20=""),"",WORKDAY.INTL(F20,G20-1,1,休日!$A$4:$A$200)) -> 0 | M20: =IF(OR(F20="",I20=""),"",NETWORKDAYS.INTL(F20,I20-1,1,休日!$A$4:$A$200)-1) -> 0 | N20: =IF(OR(H20="",J20=""),"",NETWORKDAYS.INTL(H20,J20-1,1,休日!$A$4:$A$200)-1) -> 0 | Q20: =IF(C20="","",IF(E20="マイルストーン","MILESTONE",IF(K20>=1,"完了",IF(I20<>"","進行中","未着手")))) -> 0
H21: =IF(OR(F21="",G21=""),"",WORKDAY.INTL(F21,G21-1,1,休日!$A$4:$A$200)) -> 0 | M21: =IF(OR(F21="",I21=""),"",NETWORKDAYS.INTL(F21,I21-1,1,休日!$A$4:$A$200)-1) -> 0 | N21: =IF(OR(H21="",J21=""),"",NETWORKDAYS.INTL(H21,J21-1,1,休日!$A$4:$A$200)-1) -> 0 | Q21: =IF(C21="","",IF(E21="マイルストーン","MILESTONE",IF(K21>=1,"完了",IF(I21<>"","進行中","未着手")))) -> 0
H22: =IF(OR(F22="",G22=""),"",WORKDAY.INTL(F22,G22-1,1,休日!$A$4:$A$200)) -> 0 | M22: =IF(OR(F22="",I22=""),"",NETWORKDAYS.INTL(F22,I22-1,1,休日!$A$4:$A$200)-1) -> 0 | N22: =IF(OR(H22="",J22=""),"",NETWORKDAYS.INTL(H22,J22-1,1,休日!$A$4:$A$200)-1) -> 0 | Q22: =IF(C22="","",IF(E22="マイルストーン","MILESTONE",IF(K22>=1,"完了",IF(I22<>"","進行中","未着手")))) -> 0
H23: =IF(OR(F23="",G23=""),"",WORKDAY.INTL(F23,G23-1,1,休日!$A$4:$A$200)) -> 0 | M23: =IF(OR(F23="",I23=""),"",NETWORKDAYS.INTL(F23,I23-1,1,休日!$A$4:$A$200)-1) -> 0 | N23: =IF(OR(H23="",J23=""),"",NETWORKDAYS.INTL(H23,J23-1,1,休日!$A$4:$A$200)-1) -> 0 | Q23: =IF(C23="","",IF(E23="マイルストーン","MILESTONE",IF(K23>=1,"完了",IF(I23<>"","進行中","未着手")))) -> 0
H24: =IF(OR(F24="",G24=""),"",WORKDAY.INTL(F24,G24-1,1,休日!$A$4:$A$200)) -> 0 | M24: =IF(OR(F24="",I24=""),"",NETWORKDAYS.INTL(F24,I24-1,1,休日!$A$4:$A$200)-1) -> 0 | N24: =IF(OR(H24="",J24=""),"",NETWORKDAYS.INTL(H24,J24-1,1,休日!$A$4:$A$200)-1) -> 0 | Q24: =IF(C24="","",IF(E24="マイルストーン","MILESTONE",IF(K24>=1,"完了",IF(I24<>"","進行中","未着手")))) -> 0
H25: =IF(OR(F25="",G25=""),"",WORKDAY.INTL(F25,G25-1,1,休日!$A$4:$A$200)) -> 0 | M25: =IF(OR(F25="",I25=""),"",NETWORKDAYS.INTL(F25,I25-1,1,休日!$A$4:$A$200)-1) -> 0 | N25: =IF(OR(H25="",J25=""),"",NETWORKDAYS.INTL(H25,J25-1,1,休日!$A$4:$A$200)-1) -> 0 | Q25: =IF(C25="","",IF(E25="マイルストーン","MILESTONE",IF(K25>=1,"完了",IF(I25<>"","進行中","未着手")))) -> 0
... H105: =IF(OR(F105="",G105=""),"",WORKDAY.INTL(F105,G105-1,1,休日!$A$4:$A$200)) -> 0 | M105: =IF(OR(F105="",I105=""),"",NETWORKDAYS.INTL(F105,I105-1,1,休日!$A$4:$A$200)-1) -> 0 | N105: =IF(OR(H105="",J105=""),"",NETWORKDAYS.INTL(H105,J105-1,1,休日!$A$4:$A$200)-1) -> 0 | Q105: =IF(C105="","",IF(E105="マイルストーン","MILESTONE",IF(K105>=1,"完了",IF(I105<>"","進行中","未着手")))) -> 0

Sheet 設定
A1: 開発マイルストーン WBS
A3: プロジェクト名 | B3: サンプル開発プロジェクト | D3: 操作
A4: 基準日 | B4: 46296 | D4: 入力後、VBAの RefreshWBS を実行するとガント・終了日・遅れが再計算されます。
A5: ガント表示日数 | B5: 120 | D5: VBAの AddWBSRow で入力行を追加できます。
A6: 週末設定 | B6: 土日休み | D6: 休日シートに日付を追加すると、予定終了日から除外されます。
A7: 今日の日付 | B7: =TODAY() -> 0

Sheet 休日
A1: 休日管理
A3: 休日 | B3: 名称
A4: 46307 | B4: スポーツの日
A5: 46329 | B5: 文化の日
A6: 46349 | B6: 勤労感謝の日

Sheet 集計
A1: プロジェクト集計
A3: 総タスク数 | B3: =COUNTIF(WBS!$C$6:$C$105,"<>") -> 0
A4: 完了タスク数 | B4: =COUNTIF(WBS!$Q$6:$Q$105,"完了") -> 0
A5: 進行中タスク数 | B5: =COUNTIF(WBS!$Q$6:$Q$105,"進行中") -> 0
A6: 平均進捗率 | B6: =IFERROR(AVERAGE(WBS!$K$6:$K$105),0) -> 0
A7: 遅延タスク数 | B7: =COUNTIF(WBS!$N$6:$N$105,">0") -> 0
A8: 総工数 | B8: =SUM(WBS!$O$6:$O$105) -> 0
A11: 凡例
A12: 予定
A13: 実績
A14: カミナリ戦（基準日）
